"","rep.resultsdf.longitude..resultsdf.model.","rep.resultsdf.latitude..resultsdf.model."
"1",-77.0899996768379,-11.9449997514385
"2",-77.0899996768379,-11.9466664180984
"3",-77.0883330101778,-11.9491664180884
"4",-77.094999676818,-11.9499997514184
"5",-77.094166343488,-11.9499997514184
"6",-77.094166343488,-11.9499997514184
"7",-77.0899996768379,-11.9499997514184
"8",-77.0858330101877,-11.9499997514184
"9",-77.0858330101877,-11.9499997514184
"10",-77.094166343488,-11.9516664180783
"11",-77.1133330100785,-11.9524997514083
"12",-77.0908330101679,-11.9524997514083
"13",-77.1016663434582,-11.9558330847282
"14",-77.1008330101282,-11.9558330847282
"15",-77.0866663435178,-11.9566664180582
"16",-77.1099996767584,-11.9574997513882
"17",-77.0874996768478,-11.9574997513882
"18",-77.0874996768478,-11.9574997513882
"19",-77.0908330101679,-11.9583330847182
"20",-77.0883330101778,-11.9583330847182
"21",-77.0866663435178,-11.9583330847182
"22",-77.1041663434483,-11.9591664180481
"23",-77.0991663434681,-11.9599997513781
"24",-77.0916663434979,-11.9599997513781
"25",-77.0899996768379,-11.9599997513781
"26",-77.0908330101679,-11.9608330847081
"27",-77.0891663435078,-11.9608330847081
"28",-77.0983330101381,-11.9616664180381
"29",-77.0849996768577,-11.9616664180381
"30",-77.095833010148,-11.9624997513681
"31",-77.095833010148,-11.9624997513681
"32",-77.0891663435078,-11.9633330846981
"33",-77.0866663435178,-11.9633330846981
"34",-77.0866663435178,-11.9633330846981
"35",-77.0849996768577,-11.9633330846981
"36",-77.1024996767882,-11.964999751358
"37",-77.1024996767882,-11.964999751358
"38",-77.0899996768379,-11.964999751358
"39",-77.0891663435078,-11.964999751358
"40",-77.0874996768478,-11.964999751358
"41",-77.1074996767684,-11.965833084688
"42",-77.1024996767882,-11.966666418018
"43",-77.1083330100984,-11.967499751348
"44",-77.0999996767982,-11.967499751348
"45",-77.0899996768379,-11.967499751348
"46",-77.0866663435178,-11.967499751348
"47",-77.094999676818,-11.9683330846779
"48",-77.094166343488,-11.9683330846779
"49",-77.0916663434979,-11.9683330846779
"50",-77.1091663434284,-11.9699997513379
"51",-77.0866663435178,-11.9699997513379
"52",-77.1058330101083,-11.9708330846679
"53",-77.1058330101083,-11.9708330846679
"54",-77.0991663434681,-11.9708330846679
"55",-77.093333010158,-11.9708330846679
"56",-77.0899996768379,-11.9708330846679
"57",-77.0891663435078,-11.9708330846679
"58",-77.0891663435078,-11.9708330846679
"59",-77.0991663434681,-11.9724997513278
"60",-77.0974996768081,-11.9724997513278
"61",-77.094999676818,-11.9724997513278
"62",-77.1041663434483,-11.9733330846578
"63",-77.1041663434483,-11.9733330846578
"64",-77.1083330100984,-11.9741664179878
"65",-77.1033330101183,-11.9741664179878
"66",-77.1016663434582,-11.9741664179878
"67",-77.0999996767982,-11.9741664179878
"68",-77.0991663434681,-11.9741664179878
"69",-77.0983330101381,-11.9741664179878
"70",-77.0974996768081,-11.9741664179878
"71",-77.093333010158,-11.9741664179878
"72",-77.0924996768279,-11.9741664179878
"73",-77.0924996768279,-11.9741664179878
"74",-77.0883330101778,-11.9741664179878
"75",-77.1033330101183,-11.9749997513178
"76",-77.094999676818,-11.9749997513178
"77",-77.093333010158,-11.9749997513178
"78",-77.0891663435078,-11.9749997513178
"79",-77.0874996768478,-11.9749997513178
"80",-77.0874996768478,-11.9749997513178
"81",-77.1083330100984,-11.9758330846478
"82",-77.0991663434681,-11.9758330846478
"83",-77.093333010158,-11.9758330846478
"84",-77.0891663435078,-11.9758330846478
"85",-77.1016663434582,-11.9766664179777
"86",-77.1016663434582,-11.9766664179777
"87",-77.0966663434781,-11.9766664179777
"88",-77.094999676818,-11.9766664179777
"89",-77.094999676818,-11.9766664179777
"90",-77.0874996768478,-11.9766664179777
"91",-77.1091663434284,-11.9774997513077
"92",-77.1083330100984,-11.9774997513077
"93",-77.1066663434383,-11.9774997513077
"94",-77.1066663434383,-11.9774997513077
"95",-77.0991663434681,-11.9774997513077
"96",-77.0974996768081,-11.9774997513077
"97",-77.094999676818,-11.9774997513077
"98",-77.0899996768379,-11.9774997513077
"99",-77.0891663435078,-11.9774997513077
"100",-77.0891663435078,-11.9774997513077
"101",-77.0874996768478,-11.9774997513077
"102",-77.1024996767882,-11.9783330846377
"103",-77.094166343488,-11.9783330846377
"104",-77.0908330101679,-11.9783330846377
"105",-77.0874996768478,-11.9783330846377
"106",-77.0874996768478,-11.9783330846377
"107",-77.0841663435277,-11.9783330846377
"108",-77.0841663435277,-11.9783330846377
"109",-77.1058330101083,-11.9791664179677
"110",-77.1016663434582,-11.9791664179677
"111",-77.1008330101282,-11.9791664179677
"112",-77.0974996768081,-11.9791664179677
"113",-77.093333010158,-11.9791664179677
"114",-77.0924996768279,-11.9791664179677
"115",-77.0924996768279,-11.9791664179677
"116",-77.0891663435078,-11.9791664179677
"117",-77.0891663435078,-11.9791664179677
"118",-77.0891663435078,-11.9791664179677
"119",-77.1124996767485,-11.9799997512977
"120",-77.1099996767584,-11.9799997512977
"121",-77.1099996767584,-11.9799997512977
"122",-77.1024996767882,-11.9799997512977
"123",-77.1024996767882,-11.9799997512977
"124",-77.1024996767882,-11.9799997512977
"125",-77.0924996768279,-11.9799997512977
"126",-77.0908330101679,-11.9799997512977
"127",-77.0908330101679,-11.9799997512977
"128",-77.0866663435178,-11.9799997512977
"129",-77.0858330101877,-11.9799997512977
"130",-77.1108330100885,-11.9808330846276
"131",-77.1083330100984,-11.9808330846276
"132",-77.1066663434383,-11.9808330846276
"133",-77.1066663434383,-11.9808330846276
"134",-77.1041663434483,-11.9808330846276
"135",-77.1033330101183,-11.9808330846276
"136",-77.095833010148,-11.9808330846276
"137",-77.093333010158,-11.9808330846276
"138",-77.093333010158,-11.9808330846276
"139",-77.1008330101282,-11.9816664179576
"140",-77.0991663434681,-11.9816664179576
"141",-77.0991663434681,-11.9816664179576
"142",-77.0974996768081,-11.9816664179576
"143",-77.0974996768081,-11.9816664179576
"144",-77.095833010148,-11.9816664179576
"145",-77.0883330101778,-11.9816664179576
"146",-77.0874996768478,-11.9816664179576
"147",-77.1124996767485,-11.9824997512876
"148",-77.1124996767485,-11.9824997512876
"149",-77.1116663434185,-11.9824997512876
"150",-77.1058330101083,-11.9824997512876
"151",-77.1041663434483,-11.9824997512876
"152",-77.095833010148,-11.9824997512876
"153",-77.094999676818,-11.9824997512876
"154",-77.093333010158,-11.9824997512876
"155",-77.093333010158,-11.9824997512876
"156",-77.093333010158,-11.9824997512876
"157",-77.0883330101778,-11.9824997512876
"158",-77.0866663435178,-11.9824997512876
"159",-77.0849996768577,-11.9824997512876
"160",-77.1124996767485,-11.9833330846176
"161",-77.1124996767485,-11.9833330846176
"162",-77.1124996767485,-11.9833330846176
"163",-77.1124996767485,-11.9833330846176
"164",-77.1099996767584,-11.9833330846176
"165",-77.1091663434284,-11.9833330846176
"166",-77.1074996767684,-11.9833330846176
"167",-77.1074996767684,-11.9833330846176
"168",-77.1058330101083,-11.9833330846176
"169",-77.1008330101282,-11.9833330846176
"170",-77.1008330101282,-11.9833330846176
"171",-77.0991663434681,-11.9833330846176
"172",-77.0983330101381,-11.9833330846176
"173",-77.0983330101381,-11.9833330846176
"174",-77.094166343488,-11.9833330846176
"175",-77.0924996768279,-11.9833330846176
"176",-77.0908330101679,-11.9833330846176
"177",-77.0899996768379,-11.9833330846176
"178",-77.0891663435078,-11.9833330846176
"179",-77.0874996768478,-11.9833330846176
"180",-77.0849996768577,-11.9833330846176
"181",-77.0849996768577,-11.9833330846176
"182",-77.0833330101977,-11.9833330846176
"183",-77.0833330101977,-11.9833330846176
"184",-77.0833330101977,-11.9833330846176
"185",-77.0833330101977,-11.9833330846176
"186",-77.0799996768776,-11.9833330846176
"187",-77.1108330100885,-11.9841664179476
"188",-77.1049996767783,-11.9841664179476
"189",-77.1016663434582,-11.9841664179476
"190",-77.1008330101282,-11.9841664179476
"191",-77.1008330101282,-11.9841664179476
"192",-77.0991663434681,-11.9841664179476
"193",-77.0991663434681,-11.9841664179476
"194",-77.0991663434681,-11.9841664179476
"195",-77.0991663434681,-11.9841664179476
"196",-77.0966663434781,-11.9841664179476
"197",-77.095833010148,-11.9841664179476
"198",-77.0916663434979,-11.9841664179476
"199",-77.0908330101679,-11.9841664179476
"200",-77.0899996768379,-11.9841664179476
"201",-77.0899996768379,-11.9841664179476
"202",-77.0891663435078,-11.9841664179476
"203",-77.0891663435078,-11.9841664179476
"204",-77.0866663435178,-11.9841664179476
"205",-77.0866663435178,-11.9841664179476
"206",-77.0866663435178,-11.9841664179476
"207",-77.0799996768776,-11.9841664179476
"208",-77.0799996768776,-11.9841664179476
"209",-77.0799996768776,-11.9841664179476
"210",-77.1124996767485,-11.9849997512775
"211",-77.1091663434284,-11.9849997512775
"212",-77.1024996767882,-11.9849997512775
"213",-77.0991663434681,-11.9849997512775
"214",-77.0983330101381,-11.9849997512775
"215",-77.0966663434781,-11.9849997512775
"216",-77.094166343488,-11.9849997512775
"217",-77.0924996768279,-11.9849997512775
"218",-77.0924996768279,-11.9849997512775
"219",-77.0866663435178,-11.9849997512775
"220",-77.0816663435376,-11.9849997512775
"221",-77.1149996767386,-11.9858330846075
"222",-77.1141663434086,-11.9858330846075
"223",-77.1083330100984,-11.9858330846075
"224",-77.1074996767684,-11.9858330846075
"225",-77.1066663434383,-11.9858330846075
"226",-77.1066663434383,-11.9858330846075
"227",-77.1066663434383,-11.9858330846075
"228",-77.1058330101083,-11.9858330846075
"229",-77.1041663434483,-11.9858330846075
"230",-77.0966663434781,-11.9858330846075
"231",-77.095833010148,-11.9858330846075
"232",-77.095833010148,-11.9858330846075
"233",-77.094999676818,-11.9858330846075
"234",-77.0866663435178,-11.9858330846075
"235",-77.0849996768577,-11.9858330846075
"236",-77.0849996768577,-11.9858330846075
"237",-77.0849996768577,-11.9858330846075
"238",-77.0799996768776,-11.9858330846075
"239",-77.1133330100785,-11.9866664179375
"240",-77.1133330100785,-11.9866664179375
"241",-77.1108330100885,-11.9866664179375
"242",-77.1049996767783,-11.9866664179375
"243",-77.1049996767783,-11.9866664179375
"244",-77.1049996767783,-11.9866664179375
"245",-77.1024996767882,-11.9866664179375
"246",-77.1024996767882,-11.9866664179375
"247",-77.095833010148,-11.9866664179375
"248",-77.094999676818,-11.9866664179375
"249",-77.093333010158,-11.9866664179375
"250",-77.0899996768379,-11.9866664179375
"251",-77.0866663435178,-11.9866664179375
"252",-77.0833330101977,-11.9866664179375
"253",-77.1133330100785,-11.9874997512675
"254",-77.1108330100885,-11.9874997512675
"255",-77.1091663434284,-11.9874997512675
"256",-77.1066663434383,-11.9874997512675
"257",-77.1049996767783,-11.9874997512675
"258",-77.1016663434582,-11.9874997512675
"259",-77.1008330101282,-11.9874997512675
"260",-77.0991663434681,-11.9874997512675
"261",-77.095833010148,-11.9874997512675
"262",-77.094166343488,-11.9874997512675
"263",-77.094166343488,-11.9874997512675
"264",-77.094166343488,-11.9874997512675
"265",-77.0849996768577,-11.9874997512675
"266",-77.0816663435376,-11.9874997512675
"267",-77.1141663434086,-11.9883330845975
"268",-77.1116663434185,-11.9883330845975
"269",-77.1116663434185,-11.9883330845975
"270",-77.1091663434284,-11.9883330845975
"271",-77.1091663434284,-11.9883330845975
"272",-77.1074996767684,-11.9883330845975
"273",-77.1033330101183,-11.9883330845975
"274",-77.1033330101183,-11.9883330845975
"275",-77.1024996767882,-11.9883330845975
"276",-77.1016663434582,-11.9883330845975
"277",-77.0966663434781,-11.9883330845975
"278",-77.094999676818,-11.9883330845975
"279",-77.0858330101877,-11.9883330845975
"280",-77.0858330101877,-11.9883330845975
"281",-77.0841663435277,-11.9883330845975
"282",-77.0833330101977,-11.9883330845975
"283",-77.0824996768677,-11.9883330845975
"284",-77.0816663435376,-11.9883330845975
"285",-77.1141663434086,-11.9891664179275
"286",-77.1141663434086,-11.9891664179275
"287",-77.1133330100785,-11.9891664179275
"288",-77.1116663434185,-11.9891664179275
"289",-77.1108330100885,-11.9891664179275
"290",-77.1108330100885,-11.9891664179275
"291",-77.1066663434383,-11.9891664179275
"292",-77.1058330101083,-11.9891664179275
"293",-77.1041663434483,-11.9891664179275
"294",-77.1033330101183,-11.9891664179275
"295",-77.094999676818,-11.9891664179275
"296",-77.094999676818,-11.9891664179275
"297",-77.093333010158,-11.9891664179275
"298",-77.093333010158,-11.9891664179275
"299",-77.0899996768379,-11.9891664179275
"300",-77.0883330101778,-11.9891664179275
"301",-77.0833330101977,-11.9891664179275
"302",-77.1149996767386,-11.9899997512574
"303",-77.1133330100785,-11.9899997512574
"304",-77.1108330100885,-11.9899997512574
"305",-77.1091663434284,-11.9899997512574
"306",-77.1008330101282,-11.9899997512574
"307",-77.0999996767982,-11.9899997512574
"308",-77.0999996767982,-11.9899997512574
"309",-77.0991663434681,-11.9899997512574
"310",-77.0966663434781,-11.9899997512574
"311",-77.094999676818,-11.9899997512574
"312",-77.094166343488,-11.9899997512574
"313",-77.093333010158,-11.9899997512574
"314",-77.0899996768379,-11.9899997512574
"315",-77.0899996768379,-11.9899997512574
"316",-77.0858330101877,-11.9899997512574
"317",-77.0858330101877,-11.9899997512574
"318",-77.0824996768677,-11.9899997512574
"319",-77.1183330100587,-11.9908330845874
"320",-77.1149996767386,-11.9908330845874
"321",-77.1124996767485,-11.9908330845874
"322",-77.1099996767584,-11.9908330845874
"323",-77.1066663434383,-11.9908330845874
"324",-77.1033330101183,-11.9908330845874
"325",-77.1033330101183,-11.9908330845874
"326",-77.1016663434582,-11.9908330845874
"327",-77.0991663434681,-11.9908330845874
"328",-77.0974996768081,-11.9908330845874
"329",-77.094166343488,-11.9908330845874
"330",-77.0874996768478,-11.9908330845874
"331",-77.0874996768478,-11.9908330845874
"332",-77.0866663435178,-11.9908330845874
"333",-77.0866663435178,-11.9908330845874
"334",-77.1174996767287,-11.9916664179174
"335",-77.1174996767287,-11.9916664179174
"336",-77.1174996767287,-11.9916664179174
"337",-77.1174996767287,-11.9916664179174
"338",-77.1174996767287,-11.9916664179174
"339",-77.1166663433986,-11.9916664179174
"340",-77.1166663433986,-11.9916664179174
"341",-77.1166663433986,-11.9916664179174
"342",-77.1158330100686,-11.9916664179174
"343",-77.1141663434086,-11.9916664179174
"344",-77.1099996767584,-11.9916664179174
"345",-77.1058330101083,-11.9916664179174
"346",-77.1016663434582,-11.9916664179174
"347",-77.1008330101282,-11.9916664179174
"348",-77.1008330101282,-11.9916664179174
"349",-77.094999676818,-11.9916664179174
"350",-77.093333010158,-11.9916664179174
"351",-77.0908330101679,-11.9916664179174
"352",-77.0899996768379,-11.9916664179174
"353",-77.0841663435277,-11.9916664179174
"354",-77.1166663433986,-11.9924997512474
"355",-77.1158330100686,-11.9924997512474
"356",-77.1133330100785,-11.9924997512474
"357",-77.1133330100785,-11.9924997512474
"358",-77.1066663434383,-11.9924997512474
"359",-77.1049996767783,-11.9924997512474
"360",-77.1033330101183,-11.9924997512474
"361",-77.1024996767882,-11.9924997512474
"362",-77.1016663434582,-11.9924997512474
"363",-77.1016663434582,-11.9924997512474
"364",-77.1008330101282,-11.9924997512474
"365",-77.0999996767982,-11.9924997512474
"366",-77.0991663434681,-11.9924997512474
"367",-77.0966663434781,-11.9924997512474
"368",-77.0966663434781,-11.9924997512474
"369",-77.093333010158,-11.9924997512474
"370",-77.0924996768279,-11.9924997512474
"371",-77.0924996768279,-11.9924997512474
"372",-77.0908330101679,-11.9924997512474
"373",-77.1141663434086,-11.9933330845774
"374",-77.1124996767485,-11.9933330845774
"375",-77.1074996767684,-11.9933330845774
"376",-77.1074996767684,-11.9933330845774
"377",-77.1016663434582,-11.9933330845774
"378",-77.1008330101282,-11.9933330845774
"379",-77.0999996767982,-11.9933330845774
"380",-77.095833010148,-11.9933330845774
"381",-77.0866663435178,-11.9933330845774
"382",-77.0866663435178,-11.9933330845774
"383",-77.0858330101877,-11.9933330845774
"384",-77.0849996768577,-11.9933330845774
"385",-77.1158330100686,-11.9941664179073
"386",-77.1099996767584,-11.9941664179073
"387",-77.1099996767584,-11.9941664179073
"388",-77.1083330100984,-11.9941664179073
"389",-77.1083330100984,-11.9941664179073
"390",-77.1041663434483,-11.9941664179073
"391",-77.1033330101183,-11.9941664179073
"392",-77.1033330101183,-11.9941664179073
"393",-77.1024996767882,-11.9941664179073
"394",-77.093333010158,-11.9941664179073
"395",-77.0866663435178,-11.9941664179073
"396",-77.0849996768577,-11.9941664179073
"397",-77.1116663434185,-11.9949997512373
"398",-77.1116663434185,-11.9949997512373
"399",-77.1116663434185,-11.9949997512373
"400",-77.1116663434185,-11.9949997512373
"401",-77.1108330100885,-11.9949997512373
"402",-77.1108330100885,-11.9949997512373
"403",-77.1108330100885,-11.9949997512373
"404",-77.1099996767584,-11.9949997512373
"405",-77.1091663434284,-11.9949997512373
"406",-77.1058330101083,-11.9949997512373
"407",-77.1058330101083,-11.9949997512373
"408",-77.1033330101183,-11.9949997512373
"409",-77.0991663434681,-11.9949997512373
"410",-77.0974996768081,-11.9949997512373
"411",-77.094999676818,-11.9949997512373
"412",-77.0916663434979,-11.9949997512373
"413",-77.0891663435078,-11.9949997512373
"414",-77.0883330101778,-11.9949997512373
"415",-77.0874996768478,-11.9949997512373
"416",-77.1133330100785,-11.9958330845673
"417",-77.1108330100885,-11.9958330845673
"418",-77.1099996767584,-11.9958330845673
"419",-77.1033330101183,-11.9958330845673
"420",-77.1024996767882,-11.9958330845673
"421",-77.1008330101282,-11.9958330845673
"422",-77.0983330101381,-11.9958330845673
"423",-77.094166343488,-11.9958330845673
"424",-77.0841663435277,-11.9958330845673
"425",-77.1124996767485,-11.9966664178973
"426",-77.1074996767684,-11.9966664178973
"427",-77.1041663434483,-11.9966664178973
"428",-77.1041663434483,-11.9966664178973
"429",-77.1024996767882,-11.9966664178973
"430",-77.0899996768379,-11.9966664178973
"431",-77.0841663435277,-11.9966664178973
"432",-77.0833330101977,-11.9966664178973
"433",-77.1116663434185,-11.9974997512273
"434",-77.1083330100984,-11.9974997512273
"435",-77.1083330100984,-11.9974997512273
"436",-77.1083330100984,-11.9974997512273
"437",-77.1066663434383,-11.9974997512273
"438",-77.1041663434483,-11.9974997512273
"439",-77.1016663434582,-11.9974997512273
"440",-77.0974996768081,-11.9974997512273
"441",-77.094166343488,-11.9974997512273
"442",-77.0874996768478,-11.9974997512273
"443",-77.1066663434383,-11.9983330845572
"444",-77.1058330101083,-11.9983330845572
"445",-77.1041663434483,-11.9983330845572
"446",-77.1008330101282,-11.9983330845572
"447",-77.0991663434681,-11.9983330845572
"448",-77.0966663434781,-11.9983330845572
"449",-77.0883330101778,-11.9983330845572
"450",-77.0866663435178,-11.9983330845572
"451",-77.0849996768577,-11.9983330845572
"452",-77.0849996768577,-11.9983330845572
"453",-77.1033330101183,-11.9991664178872
"454",-77.0991663434681,-11.9991664178872
"455",-77.094999676818,-11.9991664178872
"456",-77.0883330101778,-11.9991664178872
"457",-77.0866663435178,-11.9991664178872
"458",-77.1058330101083,-11.9999997512172
"459",-77.1016663434582,-11.9999997512172
"460",-77.0858330101877,-11.9999997512172
"461",-77.0849996768577,-11.9999997512172
"462",-77.0833330101977,-11.9999997512172
"463",-77.0874996768478,-12.0008330845472
"464",-77.0858330101877,-12.0008330845472
"465",-77.0858330101877,-12.0008330845472
"466",-77.0833330101977,-12.0008330845472
"467",-77.1008330101282,-12.0016664178772
"468",-77.0908330101679,-12.0016664178772
"469",-77.0974996768081,-12.0024997512071
"470",-77.0899996768379,-12.0024997512071
"471",-77.0841663435277,-12.0024997512071
"472",-77.0916663434979,-12.0033330845371
"473",-77.0916663434979,-12.0033330845371
"474",-77.0858330101877,-12.0033330845371
"475",-77.094166343488,-12.0041664178671
"476",-77.0891663435078,-12.0041664178671
"477",-77.0891663435078,-12.0041664178671
"478",-77.0858330101877,-12.0041664178671
"479",-77.0899996768379,-12.0049997511971
"480",-77.094999676818,-12.0058330845271
"481",-77.094166343488,-12.0058330845271
"482",-77.094166343488,-12.0058330845271
"483",-77.0883330101778,-12.0058330845271
"484",-77.0883330101778,-12.0058330845271
"485",-77.0833330101977,-12.0058330845271
"486",-77.0833330101977,-12.0058330845271
"487",-77.0908330101679,-12.006666417857
"488",-77.0908330101679,-12.006666417857
"489",-77.0858330101877,-12.006666417857
"490",-77.0908330101679,-12.007499751187
"491",-77.0866663435178,-12.007499751187
"492",-77.0849996768577,-12.007499751187
"493",-77.0824996768677,-12.007499751187
"494",-77.0574996769669,-12.007499751187
"495",-77.0549996769768,-12.007499751187
"496",-77.0841663435277,-12.008333084517
"497",-77.061666343617,-12.008333084517
"498",-77.0633330102771,-12.009166417847
"499",-77.059166343627,-12.009166417847
"500",-77.059166343627,-12.009166417847
"501",-77.0566663436369,-12.009166417847
"502",-77.0566663436369,-12.009166417847
"503",-77.0566663436369,-12.009166417847
"504",-77.0849996768577,-12.009999751177
"505",-77.0849996768577,-12.009999751177
"506",-77.0833330101977,-12.009999751177
"507",-77.0641663436071,-12.009999751177
"508",-77.0866663435178,-12.0108330845069
"509",-77.0866663435178,-12.0108330845069
"510",-77.0708330102473,-12.0108330845069
"511",-77.0708330102473,-12.0108330845069
"512",-77.0658330102672,-12.0108330845069
"513",-77.0658330102672,-12.0108330845069
"514",-77.0649996769371,-12.0108330845069
"515",-77.0574996769669,-12.0108330845069
"516",-77.0566663436369,-12.0108330845069
"517",-77.0558330103069,-12.0108330845069
"518",-77.0541663436468,-12.0108330845069
"519",-77.0866663435178,-12.0116664178369
"520",-77.0666663435972,-12.0116664178369
"521",-77.0666663435972,-12.0116664178369
"522",-77.0633330102771,-12.0116664178369
"523",-77.0624996769471,-12.0116664178369
"524",-77.059166343627,-12.0116664178369
"525",-77.059166343627,-12.0116664178369
"526",-77.0566663436369,-12.0116664178369
"527",-77.0558330103069,-12.0116664178369
"528",-77.0841663435277,-12.0124997511669
"529",-77.0841663435277,-12.0124997511669
"530",-77.0758330102275,-12.0124997511669
"531",-77.0741663435674,-12.0124997511669
"532",-77.0699996769173,-12.0124997511669
"533",-77.0658330102672,-12.0124997511669
"534",-77.0658330102672,-12.0124997511669
"535",-77.0858330101877,-12.0133330844969
"536",-77.0833330101977,-12.0133330844969
"537",-77.0833330101977,-12.0133330844969
"538",-77.0808330102076,-12.0133330844969
"539",-77.0716663435773,-12.0133330844969
"540",-77.0716663435773,-12.0133330844969
"541",-77.0699996769173,-12.0133330844969
"542",-77.0691663435873,-12.0133330844969
"543",-77.0674996769272,-12.0133330844969
"544",-77.0666663435972,-12.0133330844969
"545",-77.0633330102771,-12.0133330844969
"546",-77.0624996769471,-12.0133330844969
"547",-77.061666343617,-12.0133330844969
"548",-77.0799996768776,-12.0141664178269
"549",-77.0624996769471,-12.0141664178269
"550",-77.0624996769471,-12.0141664178269
"551",-77.059166343627,-12.0141664178269
"552",-77.0574996769669,-12.0141664178269
"553",-77.0558330103069,-12.0141664178269
"554",-77.0558330103069,-12.0141664178269
"555",-77.0533330103168,-12.0141664178269
"556",-77.0833330101977,-12.0149997511569
"557",-77.0824996768677,-12.0149997511569
"558",-77.0791663435476,-12.0149997511569
"559",-77.0741663435674,-12.0149997511569
"560",-77.0724996769074,-12.0149997511569
"561",-77.0624996769471,-12.0149997511569
"562",-77.0624996769471,-12.0149997511569
"563",-77.059166343627,-12.0149997511569
"564",-77.0566663436369,-12.0149997511569
"565",-77.0783330102175,-12.0158330844868
"566",-77.0766663435575,-12.0158330844868
"567",-77.0699996769173,-12.0158330844868
"568",-77.0683330102572,-12.0158330844868
"569",-77.059999676957,-12.0158330844868
"570",-77.0583330102969,-12.0158330844868
"571",-77.0583330102969,-12.0158330844868
"572",-77.0533330103168,-12.0158330844868
"573",-77.0833330101977,-12.0166664178168
"574",-77.0766663435575,-12.0166664178168
"575",-77.0766663435575,-12.0166664178168
"576",-77.0724996769074,-12.0166664178168
"577",-77.0649996769371,-12.0166664178168
"578",-77.0624996769471,-12.0166664178168
"579",-77.0624996769471,-12.0166664178168
"580",-77.059999676957,-12.0166664178168
"581",-77.059166343627,-12.0166664178168
"582",-77.059166343627,-12.0166664178168
"583",-77.0583330102969,-12.0166664178168
"584",-77.0574996769669,-12.0166664178168
"585",-77.0558330103069,-12.0166664178168
"586",-77.0541663436468,-12.0166664178168
"587",-77.0533330103168,-12.0166664178168
"588",-77.0874996768478,-12.0174997511468
"589",-77.0874996768478,-12.0174997511468
"590",-77.0658330102672,-12.0174997511468
"591",-77.0658330102672,-12.0174997511468
"592",-77.061666343617,-12.0174997511468
"593",-77.061666343617,-12.0174997511468
"594",-77.0574996769669,-12.0174997511468
"595",-77.0558330103069,-12.0174997511468
"596",-77.0558330103069,-12.0174997511468
"597",-77.0533330103168,-12.0174997511468
"598",-77.0883330101778,-12.0183330844768
"599",-77.0733330102374,-12.0183330844768
"600",-77.0658330102672,-12.0183330844768
"601",-77.0524996769868,-12.0183330844768
"602",-77.0774996768875,-12.0191664178068
"603",-77.0758330102275,-12.0191664178068
"604",-77.0624996769471,-12.0191664178068
"605",-77.061666343617,-12.0191664178068
"606",-77.060833010287,-12.0191664178068
"607",-77.059999676957,-12.0191664178068
"608",-77.0583330102969,-12.0191664178068
"609",-77.0583330102969,-12.0191664178068
"610",-77.0583330102969,-12.0191664178068
"611",-77.0541663436468,-12.0191664178068
"612",-77.0783330102175,-12.0199997511367
"613",-77.0766663435575,-12.0199997511367
"614",-77.0766663435575,-12.0199997511367
"615",-77.061666343617,-12.0199997511367
"616",-77.061666343617,-12.0199997511367
"617",-77.059166343627,-12.0199997511367
"618",-77.0558330103069,-12.0199997511367
"619",-77.0549996769768,-12.0199997511367
"620",-77.0541663436468,-12.0199997511367
"621",-77.0816663435376,-12.0208330844667
"622",-77.0816663435376,-12.0208330844667
"623",-77.0758330102275,-12.0208330844667
"624",-77.0741663435674,-12.0208330844667
"625",-77.061666343617,-12.0208330844667
"626",-77.059166343627,-12.0208330844667
"627",-77.059166343627,-12.0208330844667
"628",-77.0583330102969,-12.0208330844667
"629",-77.0558330103069,-12.0208330844667
"630",-77.0558330103069,-12.0208330844667
"631",-77.0541663436468,-12.0208330844667
"632",-77.0541663436468,-12.0208330844667
"633",-77.0533330103168,-12.0208330844667
"634",-77.0524996769868,-12.0208330844667
"635",-77.0516663436568,-12.0208330844667
"636",-77.0808330102076,-12.0216664177967
"637",-77.0808330102076,-12.0216664177967
"638",-77.059166343627,-12.0216664177967
"639",-77.0583330102969,-12.0216664177967
"640",-77.0558330103069,-12.0216664177967
"641",-77.0533330103168,-12.0216664177967
"642",-77.0524996769868,-12.0216664177967
"643",-77.0508330103267,-12.0216664177967
"644",-77.0899996768379,-12.0224997511267
"645",-77.0866663435178,-12.0224997511267
"646",-77.0783330102175,-12.0224997511267
"647",-77.0749996768974,-12.0224997511267
"648",-77.0741663435674,-12.0224997511267
"649",-77.0583330102969,-12.0224997511267
"650",-77.0583330102969,-12.0224997511267
"651",-77.0508330103267,-12.0224997511267
"652",-77.0841663435277,-12.0233330844567
"653",-77.0649996769371,-12.0233330844567
"654",-77.0624996769471,-12.0233330844567
"655",-77.0624996769471,-12.0233330844567
"656",-77.060833010287,-12.0233330844567
"657",-77.0574996769669,-12.0233330844567
"658",-77.0549996769768,-12.0233330844567
"659",-77.0524996769868,-12.0233330844567
"660",-77.0524996769868,-12.0233330844567
"661",-77.0858330101877,-12.0241664177866
"662",-77.0858330101877,-12.0241664177866
"663",-77.0841663435277,-12.0241664177866
"664",-77.0783330102175,-12.0241664177866
"665",-77.0783330102175,-12.0241664177866
"666",-77.0774996768875,-12.0241664177866
"667",-77.0774996768875,-12.0241664177866
"668",-77.0699996769173,-12.0241664177866
"669",-77.059999676957,-12.0241664177866
"670",-77.0583330102969,-12.0241664177866
"671",-77.0541663436468,-12.0241664177866
"672",-77.0916663434979,-12.0249997511166
"673",-77.0916663434979,-12.0249997511166
"674",-77.0916663434979,-12.0249997511166
"675",-77.0899996768379,-12.0249997511166
"676",-77.0891663435078,-12.0249997511166
"677",-77.0774996768875,-12.0249997511166
"678",-77.0774996768875,-12.0249997511166
"679",-77.0774996768875,-12.0249997511166
"680",-77.0649996769371,-12.0249997511166
"681",-77.0574996769669,-12.0249997511166
"682",-77.0574996769669,-12.0249997511166
"683",-77.0574996769669,-12.0249997511166
"684",-77.0566663436369,-12.0249997511166
"685",-77.0524996769868,-12.0249997511166
"686",-77.0516663436568,-12.0249997511166
"687",-77.0508330103267,-12.0249997511166
"688",-77.0499996769967,-12.0249997511166
"689",-77.0899996768379,-12.0258330844466
"690",-77.0874996768478,-12.0258330844466
"691",-77.0866663435178,-12.0258330844466
"692",-77.0841663435277,-12.0258330844466
"693",-77.0841663435277,-12.0258330844466
"694",-77.0841663435277,-12.0258330844466
"695",-77.0824996768677,-12.0258330844466
"696",-77.0824996768677,-12.0258330844466
"697",-77.0799996768776,-12.0258330844466
"698",-77.060833010287,-12.0258330844466
"699",-77.059166343627,-12.0258330844466
"700",-77.0549996769768,-12.0258330844466
"701",-77.0499996769967,-12.0258330844466
"702",-77.0499996769967,-12.0258330844466
"703",-77.0483330103367,-12.0258330844466
"704",-77.0916663434979,-12.0266664177766
"705",-77.0758330102275,-12.0266664177766
"706",-77.0758330102275,-12.0266664177766
"707",-77.0708330102473,-12.0266664177766
"708",-77.0658330102672,-12.0266664177766
"709",-77.0649996769371,-12.0266664177766
"710",-77.061666343617,-12.0266664177766
"711",-77.060833010287,-12.0266664177766
"712",-77.059999676957,-12.0266664177766
"713",-77.0574996769669,-12.0266664177766
"714",-77.0574996769669,-12.0266664177766
"715",-77.0566663436369,-12.0266664177766
"716",-77.0558330103069,-12.0266664177766
"717",-77.0558330103069,-12.0266664177766
"718",-77.0558330103069,-12.0266664177766
"719",-77.0549996769768,-12.0266664177766
"720",-77.0549996769768,-12.0266664177766
"721",-77.0866663435178,-12.0274997511066
"722",-77.0774996768875,-12.0274997511066
"723",-77.0774996768875,-12.0274997511066
"724",-77.061666343617,-12.0274997511066
"725",-77.059166343627,-12.0274997511066
"726",-77.059166343627,-12.0274997511066
"727",-77.059166343627,-12.0274997511066
"728",-77.059166343627,-12.0274997511066
"729",-77.059166343627,-12.0274997511066
"730",-77.0566663436369,-12.0274997511066
"731",-77.0566663436369,-12.0274997511066
"732",-77.0558330103069,-12.0274997511066
"733",-77.0549996769768,-12.0274997511066
"734",-77.0549996769768,-12.0274997511066
"735",-77.0533330103168,-12.0274997511066
"736",-77.0508330103267,-12.0274997511066
"737",-77.0508330103267,-12.0274997511066
"738",-77.0466663436766,-12.0274997511066
"739",-77.0466663436766,-12.0274997511066
"740",-77.0458330103466,-12.0274997511066
"741",-77.0458330103466,-12.0274997511066
"742",-77.0916663434979,-12.0283330844365
"743",-77.0883330101778,-12.0283330844365
"744",-77.0858330101877,-12.0283330844365
"745",-77.0858330101877,-12.0283330844365
"746",-77.0791663435476,-12.0283330844365
"747",-77.0758330102275,-12.0283330844365
"748",-77.0758330102275,-12.0283330844365
"749",-77.0733330102374,-12.0283330844365
"750",-77.0724996769074,-12.0283330844365
"751",-77.0724996769074,-12.0283330844365
"752",-77.0716663435773,-12.0283330844365
"753",-77.0716663435773,-12.0283330844365
"754",-77.0683330102572,-12.0283330844365
"755",-77.0649996769371,-12.0283330844365
"756",-77.0583330102969,-12.0283330844365
"757",-77.0558330103069,-12.0283330844365
"758",-77.0533330103168,-12.0283330844365
"759",-77.0441663436865,-12.0283330844365
"760",-77.093333010158,-12.0291664177665
"761",-77.0924996768279,-12.0291664177665
"762",-77.0899996768379,-12.0291664177665
"763",-77.0891663435078,-12.0291664177665
"764",-77.0883330101778,-12.0291664177665
"765",-77.0883330101778,-12.0291664177665
"766",-77.0883330101778,-12.0291664177665
"767",-77.0866663435178,-12.0291664177665
"768",-77.0866663435178,-12.0291664177665
"769",-77.0841663435277,-12.0291664177665
"770",-77.0833330101977,-12.0291664177665
"771",-77.0791663435476,-12.0291664177665
"772",-77.0783330102175,-12.0291664177665
"773",-77.0758330102275,-12.0291664177665
"774",-77.0758330102275,-12.0291664177665
"775",-77.0708330102473,-12.0291664177665
"776",-77.0691663435873,-12.0291664177665
"777",-77.0674996769272,-12.0291664177665
"778",-77.0666663435972,-12.0291664177665
"779",-77.0641663436071,-12.0291664177665
"780",-77.0641663436071,-12.0291664177665
"781",-77.0641663436071,-12.0291664177665
"782",-77.0641663436071,-12.0291664177665
"783",-77.0633330102771,-12.0291664177665
"784",-77.0516663436568,-12.0291664177665
"785",-77.0499996769967,-12.0291664177665
"786",-77.0924996768279,-12.0299997510965
"787",-77.0866663435178,-12.0299997510965
"788",-77.0841663435277,-12.0299997510965
"789",-77.0841663435277,-12.0299997510965
"790",-77.0833330101977,-12.0299997510965
"791",-77.0824996768677,-12.0299997510965
"792",-77.0824996768677,-12.0299997510965
"793",-77.0808330102076,-12.0299997510965
"794",-77.0766663435575,-12.0299997510965
"795",-77.0733330102374,-12.0299997510965
"796",-77.0733330102374,-12.0299997510965
"797",-77.0724996769074,-12.0299997510965
"798",-77.0633330102771,-12.0299997510965
"799",-77.061666343617,-12.0299997510965
"800",-77.0549996769768,-12.0299997510965
"801",-77.0549996769768,-12.0299997510965
"802",-77.0499996769967,-12.0299997510965
"803",-77.0874996768478,-12.0308330844265
"804",-77.0841663435277,-12.0308330844265
"805",-77.0808330102076,-12.0308330844265
"806",-77.0791663435476,-12.0308330844265
"807",-77.0791663435476,-12.0308330844265
"808",-77.0783330102175,-12.0308330844265
"809",-77.0741663435674,-12.0308330844265
"810",-77.0716663435773,-12.0308330844265
"811",-77.0708330102473,-12.0308330844265
"812",-77.0691663435873,-12.0308330844265
"813",-77.0666663435972,-12.0308330844265
"814",-77.0666663435972,-12.0308330844265
"815",-77.061666343617,-12.0308330844265
"816",-77.061666343617,-12.0308330844265
"817",-77.060833010287,-12.0308330844265
"818",-77.0533330103168,-12.0308330844265
"819",-77.0499996769967,-12.0308330844265
"820",-77.0466663436766,-12.0308330844265
"821",-77.0774996768875,-12.0316664177565
"822",-77.0774996768875,-12.0316664177565
"823",-77.0766663435575,-12.0316664177565
"824",-77.0683330102572,-12.0316664177565
"825",-77.0674996769272,-12.0316664177565
"826",-77.0666663435972,-12.0316664177565
"827",-77.0658330102672,-12.0316664177565
"828",-77.0649996769371,-12.0316664177565
"829",-77.0649996769371,-12.0316664177565
"830",-77.0641663436071,-12.0316664177565
"831",-77.0641663436071,-12.0316664177565
"832",-77.060833010287,-12.0316664177565
"833",-77.059166343627,-12.0316664177565
"834",-77.0516663436568,-12.0316664177565
"835",-77.0516663436568,-12.0316664177565
"836",-77.0499996769967,-12.0316664177565
"837",-77.0466663436766,-12.0316664177565
"838",-77.0449996770166,-12.0316664177565
"839",-77.0441663436865,-12.0316664177565
"840",-77.0833330101977,-12.0324997510864
"841",-77.0724996769074,-12.0324997510864
"842",-77.0716663435773,-12.0324997510864
"843",-77.0716663435773,-12.0324997510864
"844",-77.0699996769173,-12.0324997510864
"845",-77.0699996769173,-12.0324997510864
"846",-77.0649996769371,-12.0324997510864
"847",-77.0649996769371,-12.0324997510864
"848",-77.0624996769471,-12.0324997510864
"849",-77.060833010287,-12.0324997510864
"850",-77.0574996769669,-12.0324997510864
"851",-77.0574996769669,-12.0324997510864
"852",-77.0558330103069,-12.0324997510864
"853",-77.0558330103069,-12.0324997510864
"854",-77.0558330103069,-12.0324997510864
"855",-77.0541663436468,-12.0324997510864
"856",-77.0449996770166,-12.0324997510864
"857",-77.0441663436865,-12.0324997510864
"858",-77.0899996768379,-12.0333330844164
"859",-77.0899996768379,-12.0333330844164
"860",-77.0849996768577,-12.0333330844164
"861",-77.0816663435376,-12.0333330844164
"862",-77.0808330102076,-12.0333330844164
"863",-77.0791663435476,-12.0333330844164
"864",-77.0741663435674,-12.0333330844164
"865",-77.0733330102374,-12.0333330844164
"866",-77.0733330102374,-12.0333330844164
"867",-77.0649996769371,-12.0333330844164
"868",-77.060833010287,-12.0333330844164
"869",-77.0583330102969,-12.0333330844164
"870",-77.0558330103069,-12.0333330844164
"871",-77.0524996769868,-12.0333330844164
"872",-77.0516663436568,-12.0333330844164
"873",-77.0474996770066,-12.0333330844164
"874",-77.0466663436766,-12.0333330844164
"875",-77.0883330101778,-12.0341664177464
"876",-77.0866663435178,-12.0341664177464
"877",-77.0833330101977,-12.0341664177464
"878",-77.0824996768677,-12.0341664177464
"879",-77.0816663435376,-12.0341664177464
"880",-77.0783330102175,-12.0341664177464
"881",-77.0766663435575,-12.0341664177464
"882",-77.0766663435575,-12.0341664177464
"883",-77.0716663435773,-12.0341664177464
"884",-77.0708330102473,-12.0341664177464
"885",-77.059999676957,-12.0341664177464
"886",-77.0533330103168,-12.0341664177464
"887",-77.0516663436568,-12.0341664177464
"888",-77.0483330103367,-12.0341664177464
"889",-77.0474996770066,-12.0341664177464
"890",-77.0466663436766,-12.0341664177464
"891",-77.0458330103466,-12.0341664177464
"892",-77.0874996768478,-12.0349997510764
"893",-77.0641663436071,-12.0349997510764
"894",-77.0633330102771,-12.0349997510764
"895",-77.059999676957,-12.0349997510764
"896",-77.0558330103069,-12.0349997510764
"897",-77.0541663436468,-12.0349997510764
"898",-77.0541663436468,-12.0349997510764
"899",-77.0516663436568,-12.0349997510764
"900",-77.0508330103267,-12.0349997510764
"901",-77.0883330101778,-12.0358330844064
"902",-77.0866663435178,-12.0358330844064
"903",-77.0558330103069,-12.0358330844064
"904",-77.0516663436568,-12.0358330844064
"905",-77.0908330101679,-12.0366664177363
"906",-77.0466663436766,-12.0366664177363
"907",-77.0916663434979,-12.0374997510663
"908",-77.0458330103466,-12.0374997510663
